INSERT INTO notice(name, image, job_position, title, notice_type, content, recruitment_type) VALUES('bossdog1', 'https://cdn.vuetifyjs.com/images/cards/plane.jpg', 'BACKEND', 'title', 'JOB','hi!','ANY');
INSERT INTO notice(name, image, job_position, title, notice_type, content,recruitment_type ) VALUES('bossdog2',  'https://cdn.vuetifyjs.com/images/cards/road.jpg', 'BACKEND', 'title', 'JOB','hi!','ANY');
INSERT INTO notice(name, image, job_position, title, notice_type, content,recruitment_type) VALUES('bossdog3',  'test', 'BACKEND', 'title', 'JOB','hi!','ANY');
INSERT INTO notice(name, image, job_position, title, notice_type, content,recruitment_type) VALUES('bossdog', 'https://cdn.vuetifyjs.com/images/cards/house.jpg', 'BACKEND', 'title', 'JOB', 'hi!','ANY');
INSERT INTO notice(name, image, job_position, title, notice_type, content,recruitment_type) VALUES('bossdog4',  'https://cdn.vuetifyjs.com/images/cards/house.jpg', 'BACKEND', 'title', 'JOB','hi!','ANY');
INSERT INTO notice(name, image, job_position, title, notice_type, content,recruitment_type) VALUES('bossdog5',  'https://cdn.vuetifyjs.com/images/cards/plane.jpg', 'BACKEND', 'title', 'JOB','hi!','ANY');
INSERT INTO notice(name, image, job_position, title, notice_type, content,recruitment_type) VALUES('bossdog6',  'https://cdn.vuetifyjs.com/images/cards/road.jpg', 'BACKEND', 'title', 'JOB','hi!','ANY');
INSERT INTO notice(name, image, job_position, title, notice_type, content,recruitment_type) VALUES('bossdog7bossdog7bossdog7bossdog7bossdog7bossdog7bossdog7bossdog7bossdog7bossdog7bossdog7bossdog7bossdog7bossdog7bossdog7', 'test', 'BACKEND', 'titletitletitletitletitletitletitletitletitletitletitleasdfa합니다', 'JOB','hi!','ANY');
INSERT INTO notice(name, image, job_position, title, notice_type, content,recruitment_type) VALUES('yeji1',  'test', 'BACKEND', 'title', 'JOB','hi!','ANY');
INSERT INTO notice(name, image, job_position, title, notice_type, content,recruitment_type) VALUES('yeji2',  'test', 'BACKEND', 'title', 'JOB','hi!','ANY');
INSERT INTO notice(name, image, job_position, title, notice_type, content,recruitment_type) VALUES('yeji3',  'test', 'BACKEND', 'title', 'JOB','hi!','ANY');
INSERT INTO notice(name, image, job_position, title, notice_type, content,recruitment_type) VALUES('yeji4',  'test', 'BACKEND', 'title', 'JOB','hi!','ANY');
INSERT INTO notice(name, image, job_position, title, notice_type, content,recruitment_type) VALUES('yeji5',  'test', 'BACKEND', 'title', 'JOB','hi!','ANY');
INSERT INTO notice(name, image, job_position, title, notice_type, content,recruitment_type) VALUES('yeji6',  'test', 'BACKEND', 'title', 'JOB','hi!','ANY');
INSERT INTO notice(name, image, job_position, title, notice_type, content,recruitment_type) VALUES('yeji7',  'test', 'BACKEND', 'title', 'JOB','hi!','ANY');
INSERT INTO notice(name, image, job_position, title, notice_type, content,recruitment_type) VALUES('yeji8',  'test', 'BACKEND', 'title', 'JOB','hi!','ANY');
INSERT INTO notice(name, image, job_position, title, notice_type, content,recruitment_type) VALUES('yeji9',  'test', 'BACKEND', 'title', 'JOB','hi!','ANY');
INSERT INTO notice(name, image, job_position, title, notice_type, content,recruitment_type) VALUES('yeji10',  'test', 'BACKEND', 'title', 'JOB','hi!','ANY');
INSERT INTO notice(name, image, job_position, title, notice_type, content,recruitment_type) VALUES('yeji11',  'test', 'BACKEND', 'title', 'JOB','hi!','ANY');
INSERT INTO notice(name, image, job_position, title, notice_type, content,recruitment_type) VALUES('yeji12',  'test', 'BACKEND', 'title', 'JOB','hi!','ANY');
INSERT INTO notice(name, image, job_position, title, notice_type, content,recruitment_type) VALUES('yeji13',  'test', 'BACKEND', 'title', 'JOB','hi!','ANY');
INSERT INTO notice(name, image, job_position, title, notice_type, content,recruitment_type) VALUES('yeji14',  '', 'BACKEND', 'title', 'JOB','hi!','ANY');
INSERT INTO notice(name, image, job_position, title, notice_type, content,recruitment_type) VALUES('yeji15',  '', 'BACKEND', 'title', 'JOB','hi!','ANY');
INSERT INTO notice(name, image, job_position, title, notice_type, content,recruitment_type) VALUES('yeji16',  '', 'BACKEND', 'title', 'JOB','hi!','ANY');
INSERT INTO notice(name, image, job_position, title, notice_type, content,recruitment_type) VALUES('yeji17',  '', 'BACKEND', 'title', 'JOB','hi!','ANY');
INSERT INTO notice(name, image, job_position, title, notice_type, content,recruitment_type) VALUES('yeji18',  '', 'BACKEND', 'title', 'JOB','hi!','ANY');
INSERT INTO notice(name, image, job_position, title, notice_type, content,recruitment_type) VALUES('yeji19',  '', 'BACKEND', 'title', 'JOB','hi!','ANY');
INSERT INTO notice(name, image, job_position, title, notice_type, content,recruitment_type) VALUES('yeji20',  '', 'BACKEND', 'title', 'JOB','hi!','ANY');
INSERT INTO notice(name, image, job_position, title, notice_type, content,recruitment_type) VALUES('yeji21',  '', 'BACKEND', 'title', 'JOB','hi!','ANY');
INSERT INTO notice(name, image, job_position, title, notice_type, content,recruitment_type) VALUES('yeji22',  '', 'BACKEND', 'title', 'JOB','hi!','ANY');
INSERT INTO notice(name, image, job_position, title, notice_type, content,recruitment_type) VALUES('yeji23',  '', 'BACKEND', 'title', 'JOB','hi!','ANY');
INSERT INTO notice(name, image, job_position, title, notice_type, content,recruitment_type) VALUES('yeji24',  '', 'BACKEND', 'title', 'JOB','hi!','ANY');
INSERT INTO notice(name, image, job_position, title, notice_type, content,recruitment_type) VALUES('yeji25',  '', 'BACKEND', 'title', 'JOB','hi!','ANY');
INSERT INTO notice(name, image, job_position, title, notice_type, content,recruitment_type) VALUES('yeji26',  '', 'BACKEND', 'title', 'JOB','hi!','ANY');
INSERT INTO notice(name, image, job_position, title, notice_type, content,recruitment_type) VALUES('yeji27',  '', 'BACKEND', 'title', 'JOB','hi!','ANY');
INSERT INTO notice(name, image, job_position, title, notice_type, content,recruitment_type) VALUES('yeji28',  '', 'BACKEND', 'title', 'JOB','hi!','ANY');


INSERT INTO language(notice_id, languages) values (1, 'CPP');
INSERT INTO language(notice_id, languages) values (1, 'JAVA');
INSERT INTO language(notice_id, languages) values (2, 'CPP');
INSERT INTO language(notice_id, languages) values (3, 'CPP');
INSERT INTO language(notice_id, languages) values (4, 'CPP');
INSERT INTO language(notice_id, languages) values (5, 'CPP');
INSERT INTO language(notice_id, languages) values (6, 'CPP');
INSERT INTO language(notice_id, languages) values (7, 'CPP');
INSERT INTO language(notice_id, languages) values (8, 'CPP');

INSERT INTO question (recommended_count, non_recommended_count, created_date, id, user_id, title, content, visit_count) VALUES (10, 5, '2020-08-26 02:35:31', 1, 100, '가비지 컬렉션이란 무엇인가','GC를 어느정도 까지 알아야할까요?', 100);
INSERT INTO question (recommended_count, non_recommended_count, created_date, id, user_id, title, content, visit_count) VALUES (10, 5, '2020-08-26 02:35:32', 2, 54, 'PUT과 PATCH의 차이','PUT과 PATCH가 둘다 수정을 위한 HTTP METHOD로 알고 있는데, 어떤 차이가 있나요?', 30);
INSERT INTO question (recommended_count, non_recommended_count, created_date, id, user_id, title, content, visit_count) VALUES (10, 5, '2020-08-26 02:35:33', 3, 100, 'Rest API','PUT과 PATCH가 둘다 수정을 위한 HTTP METHOD로 알고 있는데, 어떤 차이가 있나요?', 43);
INSERT INTO question (recommended_count, non_recommended_count, created_date, id, user_id, title, content, visit_count) VALUES (10, 5, '2020-08-26 02:35:34', 4, 54, 'HTTP vs HTTPS','PUT과 PATCH가 둘다 수정을 위한 HTTP METHOD로 알고 있는데, 어떤 차이가 있나요?', 111);
INSERT INTO question (recommended_count, non_recommended_count, created_date, id, user_id, title, content, visit_count) VALUES (10, 5, '2020-08-26 02:35:35', 5, 100, '싱글톤 패턴 예시','PUT과 PATCH가 둘다 수정을 위한 HTTP METHOD로 알고 있는데, 어떤 차이가 있나요?', 12);
INSERT INTO question (recommended_count, non_recommended_count, created_date, id, user_id, title, content, visit_count) VALUES (10, 5, '2020-08-26 02:35:36', 6, 54, '무한 스크롤','PUT과 PATCH가 둘다 수정을 위한 HTTP METHOD로 알고 있는데, 어떤 차이가 있나요?', 54);
INSERT INTO question (recommended_count, non_recommended_count, created_date, id, user_id, title, content, visit_count) VALUES (10, 5, '2020-08-26 02:35:37', 7, 100, '코로나 싫어요','PUT과 PATCH가 둘다 수정을 위한 HTTP METHOD로 알고 있는데, 어떤 차이가 있나요?', 66);
INSERT INTO question (recommended_count, non_recommended_count, created_date, id, user_id, title, content, visit_count) VALUES (10, 5, '2020-08-26 02:35:38', 8, 54, 'this is question','PUT과 PATCH가 둘다 수정을 위한 HTTP METHOD로 알고 있는데, 어떤 차이가 있나요?', 17);
INSERT INTO question (recommended_count, non_recommended_count, created_date, id, user_id, title, content, visit_count) VALUES (10, 5, '2020-08-26 02:35:39', 9, 100, 'JVM 작동원리','PUT과 PATCH가 둘다 수정을 위한 HTTP METHOD로 알고 있는데, 어떤 차이가 있나요?', 31);
INSERT INTO question (recommended_count, non_recommended_count, created_date, id, user_id, title, content, visit_count) VALUES (10, 5, '2020-08-26 02:35:40', 10, 54, 'websocket에 대해 알아야할까요','PUT과 PATCH가 둘다 수정을 위한 HTTP METHOD로 알고 있는데, 어떤 차이가 있나요?', 29);
INSERT INTO question (recommended_count, non_recommended_count, created_date, id, user_id, title, content, visit_count) VALUES (10, 5, '2020-08-26 02:35:41', 11, 100, 'Querydsl은 무엇인가요?','PUT과 PATCH가 둘다 수정을 위한 HTTP METHOD로 알고 있는데, 어떤 차이가 있나요?', 99);
INSERT INTO question (recommended_count, non_recommended_count, created_date, id, user_id, title, content, visit_count) VALUES (10, 5, '2020-08-26 02:35:42', 12, 100, 'h2방언','PUT과 PATCH가 둘다 수정을 위한 HTTP METHOD로 알고 있는데, 어떤 차이가 있나요?', 500);
INSERT INTO question (recommended_count, non_recommended_count, created_date, id, user_id, title, content, visit_count) VALUES (10, 5, '2020-08-26 02:35:43', 13, 54, '도커가 무엇인가요?','PUT과 PATCH가 둘다 수정을 위한 HTTP METHOD로 알고 있는데, 어떤 차이가 있나요?', 211);
INSERT INTO question (recommended_count, non_recommended_count, created_date, id, user_id, title, content, visit_count) VALUES (10, 5, '2020-08-27 02:35:31', 14, 100, '가비지 컬렉션이란 무엇인가','GC를 어느정도 까지 알아야할까요?', 100);
INSERT INTO question (recommended_count, non_recommended_count, created_date, id, user_id, title, content, visit_count) VALUES (10, 5, '2020-08-27 02:35:32', 15, 54, 'PUT과 PATCH의 차이','PUT과 PATCH가 둘다 수정을 위한 HTTP METHOD로 알고 있는데, 어떤 차이가 있나요?', 30);
INSERT INTO question (recommended_count, non_recommended_count, created_date, id, user_id, title, content, visit_count) VALUES (10, 5, '2020-08-27 02:35:33', 16, 100, 'Rest API','PUT과 PATCH가 둘다 수정을 위한 HTTP METHOD로 알고 있는데, 어떤 차이가 있나요?', 43);
INSERT INTO question (recommended_count, non_recommended_count, created_date, id, user_id, title, content, visit_count) VALUES (10, 5, '2020-08-27 02:35:34', 17, 54, 'HTTP vs HTTPS','PUT과 PATCH가 둘다 수정을 위한 HTTP METHOD로 알고 있는데, 어떤 차이가 있나요?', 111);
INSERT INTO question (recommended_count, non_recommended_count, created_date, id, user_id, title, content, visit_count) VALUES (10, 5, '2020-08-27 02:35:35', 18, 100, '싱글톤 패턴 예시','PUT과 PATCH가 둘다 수정을 위한 HTTP METHOD로 알고 있는데, 어떤 차이가 있나요?', 12);
INSERT INTO question (recommended_count, non_recommended_count, created_date, id, user_id, title, content, visit_count) VALUES (10, 5, '2020-08-27 02:35:36', 19, 54, '무한 스크롤','PUT과 PATCH가 둘다 수정을 위한 HTTP METHOD로 알고 있는데, 어떤 차이가 있나요?', 54);
INSERT INTO question (recommended_count, non_recommended_count, created_date, id, user_id, title, content, visit_count) VALUES (100, 5, '2020-08-27 02:35:37', 20, 100, '코로나 싫어요','PUT과 PATCH가 둘다 수정을 위한 HTTP METHOD로 알고 있는데, 어떤 차이가 있나요?', 66);
INSERT INTO question (recommended_count, non_recommended_count, created_date, id, user_id, title, content, visit_count) VALUES (100, 5, '2020-08-27 02:35:38', 21, 54, 'this is question','PUT과 PATCH가 둘다 수정을 위한 HTTP METHOD로 알고 있는데, 어떤 차이가 있나요?', 17);
INSERT INTO question (recommended_count, non_recommended_count, created_date, id, user_id, title, content, visit_count) VALUES (100, 5, '2020-08-27 02:35:39', 22, 100, 'JVM 작동원리','PUT과 PATCH가 둘다 수정을 위한 HTTP METHOD로 알고 있는데, 어떤 차이가 있나요?', 31);
INSERT INTO question (recommended_count, non_recommended_count, created_date, id, user_id, title, content, visit_count) VALUES (100, 5, '2020-08-27 02:35:40', 23, 54, 'websocket에 대해 알아야할까요','PUT과 PATCH가 둘다 수정을 위한 HTTP METHOD로 알고 있는데, 어떤 차이가 있나요?', 29);
INSERT INTO question (recommended_count, non_recommended_count, created_date, id, user_id, title, content, visit_count) VALUES (100, 5, '2020-08-27 02:35:41', 24, 100, 'Querydsl은 무엇인가요?','PUT과 PATCH가 둘다 수정을 위한 HTTP METHOD로 알고 있는데, 어떤 차이가 있나요?', 99);
INSERT INTO question (recommended_count, non_recommended_count, created_date, id, user_id, title, content, visit_count) VALUES (100, 5, '2020-08-27 02:35:42', 25, 100, 'h2방언','PUT과 PATCH가 둘다 수정을 위한 HTTP METHOD로 알고 있는데, 어떤 차이가 있나요?', 500);
INSERT INTO question (recommended_count, non_recommended_count, created_date, id, user_id, title, content, visit_count) VALUES (100, 5, '2020-08-27 02:35:43', 26, 54, '도커가 무엇인가요?','PUT과 PATCH가 둘다 수정을 위한 HTTP METHOD로 알고 있는데, 어떤 차이가 있나요?', 211);
INSERT INTO question (recommended_count, non_recommended_count, created_date, id, user_id, title, content, visit_count) VALUES (10, 5, '2020-08-28 02:35:31', 27, 100, '가비지 컬렉션이란 무엇인가','GC를 어느정도 까지 알아야할까요?', 100);
INSERT INTO question (recommended_count, non_recommended_count, created_date, id, user_id, title, content, visit_count) VALUES (10, 5, '2020-08-28 02:35:32', 28, 54, 'PUT과 PATCH의 차이','PUT과 PATCH가 둘다 수정을 위한 HTTP METHOD로 알고 있는데, 어떤 차이가 있나요?', 30);
INSERT INTO question (recommended_count, non_recommended_count, created_date, id, user_id, title, content, visit_count) VALUES (10, 5, '2020-08-28 02:35:33', 29, 100, 'Rest API','PUT과 PATCH가 둘다 수정을 위한 HTTP METHOD로 알고 있는데, 어떤 차이가 있나요?', 43);
INSERT INTO question (recommended_count, non_recommended_count, created_date, id, user_id, title, content, visit_count) VALUES (10, 5, '2020-08-28 02:35:34', 30, 54, 'HTTP vs HTTPS','PUT과 PATCH가 둘다 수정을 위한 HTTP METHOD로 알고 있는데, 어떤 차이가 있나요?', 111);
INSERT INTO question (recommended_count, non_recommended_count, created_date, id, user_id, title, content, visit_count) VALUES (10, 5, '2020-08-28 02:35:35', 31, 100, '싱글톤 패턴 예시','PUT과 PATCH가 둘다 수정을 위한 HTTP METHOD로 알고 있는데, 어떤 차이가 있나요?', 12);
INSERT INTO question (recommended_count, non_recommended_count, created_date, id, user_id, title, content, visit_count) VALUES (17, 5, '2020-08-28 02:35:36', 32, 54, '무한 스크롤','PUT과 PATCH가 둘다 수정을 위한 HTTP METHOD로 알고 있는데, 어떤 차이가 있나요?', 54);
INSERT INTO question (recommended_count, non_recommended_count, created_date, id, user_id, title, content, visit_count) VALUES (17, 5, '2020-08-28 02:35:37', 33, 100, '코로나 싫어요','PUT과 PATCH가 둘다 수정을 위한 HTTP METHOD로 알고 있는데, 어떤 차이가 있나요?', 66);
INSERT INTO question (recommended_count, non_recommended_count, created_date, id, user_id, title, content, visit_count) VALUES (17, 5, '2020-08-28 02:35:38', 34, 54, 'this is question','PUT과 PATCH가 둘다 수정을 위한 HTTP METHOD로 알고 있는데, 어떤 차이가 있나요?', 17);
INSERT INTO question (recommended_count, non_recommended_count, created_date, id, user_id, title, content, visit_count) VALUES (17, 5, '2020-08-28 02:35:39', 35, 100, 'JVM 작동원리','PUT과 PATCH가 둘다 수정을 위한 HTTP METHOD로 알고 있는데, 어떤 차이가 있나요?', 31);
INSERT INTO question (recommended_count, non_recommended_count, created_date, id, user_id, title, content, visit_count) VALUES (17, 5, '2020-08-28 02:35:40', 36, 54, 'websocket에 대해 알아야할까요','PUT과 PATCH가 둘다 수정을 위한 HTTP METHOD로 알고 있는데, 어떤 차이가 있나요?', 29);
INSERT INTO question (recommended_count, non_recommended_count, created_date, id, user_id, title, content, visit_count) VALUES (17, 5, '2020-08-28 02:35:41', 37, 100, 'Querydsl은 무엇인가요?','PUT과 PATCH가 둘다 수정을 위한 HTTP METHOD로 알고 있는데, 어떤 차이가 있나요?', 99);
INSERT INTO question (recommended_count, non_recommended_count, created_date, id, user_id, title, content, visit_count) VALUES (17, 5, '2020-08-28 02:35:42', 38, 100, 'h2방언','PUT과 PATCH가 둘다 수정을 위한 HTTP METHOD로 알고 있는데, 어떤 차이가 있나요?', 500);
INSERT INTO question (recommended_count, non_recommended_count, created_date, id, user_id, title, content, visit_count) VALUES (10, 5, '2020-08-28 02:35:43', 39, 54, '도커가 무엇인가요?','PUT과 PATCH가 둘다 수정을 위한 HTTP METHOD로 알고 있는데, 어떤 차이가 있나요?', 211);


INSERT INTO answer (recommended_count, non_recommended_count, id, user_id, question_id, content) VALUES (11, 4, 1, 100, 1,'가비지 컬렉션 중요합니다. 기본적인 작동 원리는 알아야 합니다. 자세한 내용은 구글링 해보세요');
INSERT INTO answer (recommended_count, non_recommended_count, id, user_id, question_id, content) VALUES (12, 4, 2, 54, 1,'가비지 컬렉션 중요합니다. 기본적인 작동 원리는 알아야 합니다. 자세한 내용은 구글링 해보세요');
INSERT INTO answer (recommended_count, non_recommended_count, id, user_id, question_id, content) VALUES (14, 4, 3, 100, 1,'가비지 컬렉션 중요합니다. 기본적인 작동 원리는 알아야 합니다. 자세한 내용은 구글링 해보세요');
INSERT INTO answer (recommended_count, non_recommended_count, id, user_id, question_id, content) VALUES (100, 4, 4, 54, 2, 'PUT은 전체 수정, PATCH는 부분 수정을 할 때 사용합니다');
INSERT INTO answer (recommended_count, non_recommended_count, id, user_id, question_id, content) VALUES (19, 4, 5, 100, 2, 'PUT은 전체 수정, PATCH는 부분 수정을 할 때 사용합니다');

INSERT INTO user (id, oauth_id, email, image, name) VALUES (100, 123456, 'test@test.com', 'test_image', 'bsdg');
INSERT INTO user (id, oauth_id, email, image, name) VALUES (54, 234567, 'admin@admin.com', 'test_image', '김앨런');
