INSERT INTO notice(name, salary, image, job_position, title, notice_type, content) VALUES('bossdog', 5000, 'https://cdn.vuetifyjs.com/images/cards/house.jpg', 'BACKEND', 'title', 'JOB', 'hi!');
INSERT INTO notice(name, salary, image, job_position, title, notice_type, content) VALUES('bossdog1', 5000, 'https://cdn.vuetifyjs.com/images/cards/plane.jpg', 'BACKEND', 'title', 'JOB','hi!');
INSERT INTO notice(name, salary, image, job_position, title, notice_type, content) VALUES('bossdog2', 5000, 'https://cdn.vuetifyjs.com/images/cards/road.jpg', 'BACKEND', 'title', 'JOB','hi!');
INSERT INTO notice(name, salary, image, job_position, title, notice_type, content) VALUES('bossdog3', 5000, 'test', 'BACKEND', 'title', 'JOB','hi!');
INSERT INTO notice(name, salary, image, job_position, title, notice_type, content) VALUES('bossdog4', 5000, 'https://cdn.vuetifyjs.com/images/cards/house.jpg', 'BACKEND', 'title', 'JOB','hi!');
INSERT INTO notice(name, salary, image, job_position, title, notice_type, content) VALUES('bossdog5', 5000, 'https://cdn.vuetifyjs.com/images/cards/plane.jpg', 'BACKEND', 'title', 'JOB','hi!');
INSERT INTO notice(name, salary, image, job_position, title, notice_type, content) VALUES('bossdog6', 5000, 'https://cdn.vuetifyjs.com/images/cards/road.jpg', 'BACKEND', 'title', 'JOB','hi!');
INSERT INTO notice(name, salary, image, job_position, title, notice_type, content) VALUES('bossdog7', 5000, 'test', 'BACKEND', 'title', 'JOB','hi!');
INSERT INTO notice(name, salary, image, job_position, title, notice_type, content) VALUES('yeji1', 6000, 'test', 'BACKEND', 'title', 'JOB','hi!');
INSERT INTO notice(name, salary, image, job_position, title, notice_type, content) VALUES('yeji2', 6000, 'test', 'BACKEND', 'title', 'JOB','hi!');
INSERT INTO notice(name, salary, image, job_position, title, notice_type, content) VALUES('yeji3', 6000, 'test', 'BACKEND', 'title', 'JOB','hi!');
INSERT INTO notice(name, salary, image, job_position, title, notice_type, content) VALUES('yeji4', 6000, 'test', 'BACKEND', 'title', 'JOB','hi!');
INSERT INTO notice(name, salary, image, job_position, title, notice_type, content) VALUES('yeji5', 6000, 'test', 'BACKEND', 'title', 'JOB','hi!');
INSERT INTO notice(name, salary, image, job_position, title, notice_type, content) VALUES('yeji6', 6000, 'test', 'BACKEND', 'title', 'JOB','hi!');
INSERT INTO notice(name, salary, image, job_position, title, notice_type, content) VALUES('yeji7', 6000, 'test', 'BACKEND', 'title', 'JOB','hi!');
INSERT INTO notice(name, salary, image, job_position, title, notice_type, content) VALUES('yeji8', 6000, 'test', 'BACKEND', 'title', 'JOB','hi!');
INSERT INTO notice(name, salary, image, job_position, title, notice_type, content) VALUES('yeji9', 6000, 'test', 'BACKEND', 'title', 'JOB','hi!');
INSERT INTO notice(name, salary, image, job_position, title, notice_type, content) VALUES('yeji10', 6000, 'test', 'BACKEND', 'title', 'JOB','hi!');
INSERT INTO notice(name, salary, image, job_position, title, notice_type, content) VALUES('yeji11', 6000, 'test', 'BACKEND', 'title', 'JOB','hi!');
INSERT INTO notice(name, salary, image, job_position, title, notice_type, content) VALUES('yeji12', 6000, 'test', 'BACKEND', 'title', 'JOB','hi!');
INSERT INTO notice(name, salary, image, job_position, title, notice_type, content) VALUES('yeji13', 6000, 'test', 'BACKEND', 'title', 'JOB','hi!');
INSERT INTO notice(name, salary, image, job_position, title, notice_type, content) VALUES('yeji14', 6000, '', 'BACKEND', 'title', 'JOB','hi!');
INSERT INTO notice(name, salary, image, job_position, title, notice_type, content) VALUES('yeji15', 6000, '', 'BACKEND', 'title', 'JOB','hi!');
INSERT INTO notice(name, salary, image, job_position, title, notice_type, content) VALUES('yeji16', 6000, '', 'BACKEND', 'title', 'JOB','hi!');
INSERT INTO notice(name, salary, image, job_position, title, notice_type, content) VALUES('yeji17', 6000, '', 'BACKEND', 'title', 'JOB','hi!');
INSERT INTO notice(name, salary, image, job_position, title, notice_type, content) VALUES('yeji18', 6000, '', 'BACKEND', 'title', 'JOB','hi!');
INSERT INTO notice(name, salary, image, job_position, title, notice_type, content) VALUES('yeji19', 6000, '', 'BACKEND', 'title', 'JOB','hi!');
INSERT INTO notice(name, salary, image, job_position, title, notice_type, content) VALUES('yeji20', 6000, '', 'BACKEND', 'title', 'JOB','hi!');
INSERT INTO notice(name, salary, image, job_position, title, notice_type, content) VALUES('yeji21', 6000, '', 'BACKEND', 'title', 'JOB','hi!');
INSERT INTO notice(name, salary, image, job_position, title, notice_type, content) VALUES('yeji22', 6000, '', 'BACKEND', 'title', 'JOB','hi!');
INSERT INTO notice(name, salary, image, job_position, title, notice_type, content) VALUES('yeji23', 6000, '', 'BACKEND', 'title', 'JOB','hi!');
INSERT INTO notice(name, salary, image, job_position, title, notice_type, content) VALUES('yeji24', 6000, '', 'BACKEND', 'title', 'JOB','hi!');
INSERT INTO notice(name, salary, image, job_position, title, notice_type, content) VALUES('yeji25', 6000, '', 'BACKEND', 'title', 'JOB','hi!');
INSERT INTO notice(name, salary, image, job_position, title, notice_type, content) VALUES('yeji26', 6000, '', 'BACKEND', 'title', 'JOB','hi!');
INSERT INTO notice(name, salary, image, job_position, title, notice_type, content) VALUES('yeji27', 6000, '', 'BACKEND', 'title', 'JOB','hi!');
INSERT INTO notice(name, salary, image, job_position, title, notice_type, content) VALUES('yeji28', 6000, '', 'BACKEND', 'title', 'JOB','hi!');


INSERT INTO language(notice_id, languages) values (1, 'CPP');
INSERT INTO language(notice_id, languages) values (1, 'JAVA');
INSERT INTO language(notice_id, languages) values (2, 'CPP');
INSERT INTO language(notice_id, languages) values (3, 'CPP');
INSERT INTO language(notice_id, languages) values (4, 'CPP');
INSERT INTO language(notice_id, languages) values (5, 'CPP');
INSERT INTO language(notice_id, languages) values (6, 'CPP');
INSERT INTO language(notice_id, languages) values (7, 'CPP');
INSERT INTO language(notice_id, languages) values (8, 'CPP');

INSERT INTO question (question_id, user_id, title, content, visit_count) VALUES (1, 100, '가비지 컬렉션이란 무엇인가','GC를 어느정도 까지 알아야할까요?', 100);
INSERT INTO question (question_id, user_id, title, content, visit_count) VALUES (2, 54, 'PUT과 PATCH의 차이','PUT과 PATCH가 둘다 수정을 위한 HTTP METHOD로 알고 있는데, 어떤 차이가 있나요?', 30);
INSERT INTO question (question_id, user_id, title, content, visit_count) VALUES (3, 100, 'Rest API','PUT과 PATCH가 둘다 수정을 위한 HTTP METHOD로 알고 있는데, 어떤 차이가 있나요?', 43);
INSERT INTO question (question_id, user_id, title, content, visit_count) VALUES (4, 54, 'HTTP vs HTTPS','PUT과 PATCH가 둘다 수정을 위한 HTTP METHOD로 알고 있는데, 어떤 차이가 있나요?', 111);
INSERT INTO question (question_id, user_id, title, content, visit_count) VALUES (5, 100, '싱글톤 패턴 예시','PUT과 PATCH가 둘다 수정을 위한 HTTP METHOD로 알고 있는데, 어떤 차이가 있나요?', 12);
INSERT INTO question (question_id, user_id, title, content, visit_count) VALUES (6, 54, '무한 스크롤','PUT과 PATCH가 둘다 수정을 위한 HTTP METHOD로 알고 있는데, 어떤 차이가 있나요?', 54);
INSERT INTO question (question_id, user_id, title, content, visit_count) VALUES (7, 100, '코로나 싫어요','PUT과 PATCH가 둘다 수정을 위한 HTTP METHOD로 알고 있는데, 어떤 차이가 있나요?', 66);
INSERT INTO question (question_id, user_id, title, content, visit_count) VALUES (8, 54, 'this is question','PUT과 PATCH가 둘다 수정을 위한 HTTP METHOD로 알고 있는데, 어떤 차이가 있나요?', 17);
INSERT INTO question (question_id, user_id, title, content, visit_count) VALUES (9, 100, 'JVM 작동원리','PUT과 PATCH가 둘다 수정을 위한 HTTP METHOD로 알고 있는데, 어떤 차이가 있나요?', 31);
INSERT INTO question (question_id, user_id, title, content, visit_count) VALUES (10, 54, 'websocket에 대해 알아야할까요','PUT과 PATCH가 둘다 수정을 위한 HTTP METHOD로 알고 있는데, 어떤 차이가 있나요?', 29);
INSERT INTO question (question_id, user_id, title, content, visit_count) VALUES (11, 100, 'Querydsl은 무엇인가요?','PUT과 PATCH가 둘다 수정을 위한 HTTP METHOD로 알고 있는데, 어떤 차이가 있나요?', 99);
INSERT INTO question (question_id, user_id, title, content, visit_count) VALUES (12, 100, 'h2방언','PUT과 PATCH가 둘다 수정을 위한 HTTP METHOD로 알고 있는데, 어떤 차이가 있나요?', 500);
INSERT INTO question (question_id, user_id, title, content, visit_count) VALUES (13, 54, '도커가 무엇인가요?','PUT과 PATCH가 둘다 수정을 위한 HTTP METHOD로 알고 있는데, 어떤 차이가 있나요?', 211);

INSERT INTO answer (answer_id, user_id, question_id, content) VALUES (1, 100, 1,'가비지 컬렉션 중요합니다. 기본적인 작동 원리는 알아야 합니다. 자세한 내용은 구글링 해보세요');
INSERT INTO answer (answer_id, user_id, question_id, content) VALUES (2, 54, 1,'가비지 컬렉션 중요합니다. 기본적인 작동 원리는 알아야 합니다. 자세한 내용은 구글링 해보세요');
INSERT INTO answer (answer_id, user_id, question_id, content) VALUES (3, 100, 1,'가비지 컬렉션 중요합니다. 기본적인 작동 원리는 알아야 합니다. 자세한 내용은 구글링 해보세요');
INSERT INTO answer (answer_id, user_id, question_id, content) VALUES (4, 54, 2, 'PUT은 전체 수정, PATCH는 부분 수정을 할 때 사용합니다');
INSERT INTO answer (answer_id, user_id, question_id, content) VALUES (5, 100, 2, 'PUT은 전체 수정, PATCH는 부분 수정을 할 때 사용합니다');

INSERT INTO user (id, oauth_id, email, image, name) VALUES (100, 123456, 'test@test.com', 'test_image', 'bsdg');
INSERT INTO user (id, oauth_id, email, image, name) VALUES (54, 234567, 'admin@admin.com', 'test_image', '김앨런');
